win_rate_pct,profit_factor,net_pnl,trades,wins,losses,expectancy_R,max_drawdown_pct,final_equity,initial_equity,symbol
35.741444866920155,1.1158008865993296,959.2613408994548,526,188,338,0.07224334600760456,-13.763596259851981,10959.261340899455,10000.0,USDJPYm
35.333333333333336,1.0890000781127152,217.69643808025648,150,53,97,0.06,-12.87461634340747,10217.696438080256,10000.0,sample
35.18164435946463,1.08021709533619,715.9317971708679,523,184,339,0.055449330783938815,-15.239251929029008,10715.931797170868,10000.0,CADJPYm
33.69565217391305,1.0123534793315234,38.530912167927454,184,62,122,0.010869565217391304,-7.957661979921614,10038.530912167927,10000.0,LINKUSDm
33.13953488372093,0.9867533071619563,-106.53175530915541,516,171,345,-0.005813953488372093,-23.400985212698163,9893.468244690845,10000.0,NZDJPYm
32.826086956521735,0.9725649026734807,-201.42836265627193,460,151,309,-0.015217391304347827,-21.016457970093363,9798.571637343728,10000.0,GBPJPYm
31.752577319587626,0.9281747436212426,-586.6359834810773,485,154,331,-0.04742268041237113,-18.19337743510092,9413.364016518923,10000.0,NZDCADm
31.3588850174216,0.9118214677923894,-846.7476973752109,574,180,394,-0.059233449477351915,-19.198760876716626,9153.252302624789,10000.0,GBPCADm
31.376146788990827,0.9094741738781799,-799.2593172820834,545,171,374,-0.05871559633027523,-28.722997826037044,9200.740682717917,10000.0,EURUSDm
31.472081218274113,0.9091804649745365,-824.8377683381586,591,186,405,-0.05583756345177665,-32.08187525005999,9175.162231661841,10000.0,USDCADm
29.82062780269058,0.8461290929423244,-1132.0083010020935,446,133,313,-0.10538116591928251,-18.57294409352662,8867.991698997906,10000.0,AUDNZDm
29.523809523809526,0.8445578580504802,-1419.468598392701,525,155,370,-0.11428571428571428,-24.86198299946333,8580.531401607299,10000.0,USOILm
28.932038834951456,0.821001727401833,-1588.6404613687992,515,149,366,-0.13203883495145632,-20.048658972590015,8411.3595386312,10000.0,EURAUDm
28.85304659498208,0.8010529656895613,-1736.5962437667713,558,161,397,-0.13440860215053763,-24.4513395477026,8263.403756233229,10000.0,EURCADm
28.061224489795915,0.7759688688913505,-1455.1228665491399,392,110,282,-0.15816326530612246,-16.632369792482116,8544.87713345086,10000.0,GBPNZDm
27.7992277992278,0.7538029798801449,-1958.4619149333766,518,144,374,-0.16602316602316602,-34.45144696489113,8041.538085066623,10000.0,US30m
26.923076923076923,0.7450813492420935,-2135.978591201382,494,133,361,-0.19230769230769232,-30.748300450523775,7864.021408798618,10000.0,NZDUSDm
27.339449541284406,0.7411372754307699,-2197.1487500636867,545,149,396,-0.1798165137614679,-30.870981299992156,7802.851249936313,10000.0,GBPUSDm
26.824034334763947,0.7393020840006631,-2055.6548197219036,466,125,341,-0.19527896995708155,-32.605129197019615,7944.345180278096,10000.0,EURJPYm
26.18556701030928,0.7253819091465253,-2310.2963415742915,485,127,358,-0.21443298969072164,-28.384042394584903,7689.703658425708,10000.0,NZDCHFm
26.573426573426573,0.7215621375571334,-2541.3330064150923,572,152,420,-0.20279720279720279,-32.79752182995503,7458.666993584908,10000.0,USDCHFm
26.344086021505376,0.7174007524110364,-2559.28329539114,558,147,411,-0.20967741935483872,-31.280542165025306,7440.71670460886,10000.0,CADCHFm
26.48221343873518,0.7127420025855028,-2311.3038764760004,506,134,372,-0.20553359683794467,-24.050852668969803,7688.696123524,10000.0,AUDCADm
26.480836236933797,0.7074204384613044,-2578.579724714312,574,152,422,-0.20557491289198607,-26.42469023627759,7421.420275285688,10000.0,EURGBPm
26.39175257731959,0.7030331257218898,-2252.4790208342574,485,128,357,-0.20824742268041238,-28.607196998353917,7747.520979165743,10000.0,AUDJPYm
25.510204081632654,0.7015491170812322,-2518.859510210893,490,125,365,-0.23469387755102042,-29.84592649440339,7481.140489789107,10000.0,GBPAUDm
26.120857699805068,0.6948593633440888,-2444.8511115310266,513,134,379,-0.21637426900584794,-37.790595563331976,7555.148888468973,10000.0,CHFJPYm
24.701195219123505,0.6722276809581841,-2794.410690027903,502,124,378,-0.2589641434262948,-34.116304983486664,7205.589309972097,10000.0,AUDCHFm
23.952095808383234,0.6293570515533303,-2108.443910031395,334,80,254,-0.281437125748503,-22.622941846144005,7891.556089968605,10000.0,US500m
23.52941176470588,0.5813421825037054,-2881.8997597840016,459,108,351,-0.29411764705882354,-34.547967480119986,7118.100240215998,10000.0,EURNZDm
22.48995983935743,0.5775434477760403,-3347.5748124836173,498,112,386,-0.3253012048192771,-34.279784020735136,6652.425187516383,10000.0,AUDUSDm
22.573363431151243,0.5646400499969642,-3021.9774155358673,443,100,343,-0.3227990970654628,-33.41719503416527,6978.022584464133,10000.0,UNIUSDm
21.89655172413793,0.558941065153054,-3937.726613077244,580,127,453,-0.3431034482758621,-41.7201545745458,6062.273386922756,10000.0,GBPCHFm
20.994475138121548,0.5460937282173101,-3966.532048973123,543,114,429,-0.3701657458563536,-47.10602633892816,6033.467951026877,10000.0,EURCHFm
20.445344129554655,0.5393679651448143,-3812.094816898645,494,101,393,-0.3866396761133603,-42.00576185761614,6187.905183101355,10000.0,JP225m
16.964285714285715,0.4121249502895031,-1289.2554325490164,112,19,93,-0.49107142857142855,-15.454319067010857,8710.744567450984,10000.0,HK50m
11.11111111111111,0.24953211265304065,-149.250016324424,9,1,8,-0.6666666666666666,-1.4925001632442398,9850.749983675576,10000.0,STOXX50m
0.0,0.0,0.0,0,0,0,0.0,0.0,10000.0,10000.0,DOGEUSDm
0.0,0.0,0.0,0,0,0,0.0,0.0,10000.0,10000.0,ETHUSDm
0.0,0.0,0.0,0,0,0,0.0,0.0,10000.0,10000.0,BNBUSDm
0.0,0.0,0.0,0,0,0,0.0,0.0,10000.0,10000.0,BCHUSDm
0.0,0.0,0.0,0,0,0,0.0,0.0,10000.0,10000.0,AUS200m
0.0,0.0,0.0,0,0,0,0.0,0.0,10000.0,10000.0,BTCUSDm
0.0,0.0,0.0,0,0,0,0.0,0.0,10000.0,10000.0,ADAUSDm
0.0,0.0,0.0,0,0,0,0.0,0.0,10000.0,10000.0,DOTUSDm
0.0,0.0,0.0,0,0,0,0.0,0.0,10000.0,10000.0,LTCUSDm
0.0,0.0,0.0,0,0,0,0.0,0.0,10000.0,10000.0,IN50m
0.0,0.0,0.0,0,0,0,0.0,0.0,10000.0,10000.0,FR40m
0.0,0.0,0.0,0,0,0,0.0,0.0,10000.0,10000.0,MATICUSDm
0.0,0.0,0.0,0,0,0,0.0,0.0,10000.0,10000.0,SOLUSDm
0.0,0.0,0.0,0,0,0,0.0,0.0,10000.0,10000.0,UK100m
0.0,0.0,0.0,0,0,0,0.0,0.0,10000.0,10000.0,XRPUSDm
