direction,entry,sl,tp,risk,score,pattern,context,htf,macd,ignition,vr,atr,symbol,entry_time,risk_money,exit_time,exit,pnl,R,result
SELL,2944.0871889946256,2952.6548163743228,2926.9519342352314,8.567627379697115,65,ENGULFING_BEAR,8,BEAR,BEAR,YES,1.10389692017599,2.588589855488603,XAUUSDm,2025-01-02 16:00:00,25.0,2025-01-03 05:30:00,2926.9519342352314,50.0,2.0,WIN
SELL,2939.582198317804,2945.748901894079,2927.2487911652534,6.1667035762752676,65,ENGULFING_BEAR,8,BEAR,BULL,YES,1.1385542168674698,2.0878321267710556,XAUUSDm,2025-01-02 20:15:00,25.0,2025-01-03 05:30:00,2927.2487911652534,50.0,2.0,WIN
SELL,2939.80625939859,2947.888052791118,2923.6426726135346,8.081793392527743,65,ENGULFING_BEAR,8,BEAR,BULL,YES,0.9372547465218598,2.4549233029096977,XAUUSDm,2025-01-02 18:45:00,25.0,2025-01-03 06:45:00,2923.6426726135346,50.0,2.0,WIN
SELL,2911.138777147738,2916.942534928385,2899.5312615864436,5.8037577806471745,65,ENGULFING_BEAR,8,BEAR,BULL,YES,0.8264120461465173,2.5491268005095358,XAUUSDm,2025-01-03 16:00:00,25.375,2025-01-04 04:15:00,2899.5312615864436,50.75,2.0,WIN
SELL,2911.7677152455344,2918.3733272258332,2898.556491284937,6.605611980298818,65,ENGULFING_BEAR,8,BEAR,BULL,YES,1.0316050101951646,2.591009402168051,XAUUSDm,2025-01-03 15:30:00,25.375,2025-01-04 06:15:00,2898.556491284937,50.75,2.0,WIN
SELL,2908.7753003191674,2916.0823301105575,2894.1612407363873,7.30702979139005,80,ENGULFING_BEAR,8,BEAR,BULL,YES,0.9292577693478125,2.9372901476003572,XAUUSDm,2025-01-03 18:15:00,25.375,2025-01-04 09:00:00,2894.1612407363873,50.75,2.0,WIN
SELL,2896.4826600486576,2901.321630692035,2886.804718761903,4.838970643377252,65,ENGULFING_BEAR,8,BEAR,BULL,YES,1.1331127513362178,2.8751812880464493,XAUUSDm,2025-01-04 12:15:00,25.755625000000002,2025-01-04 17:30:00,2886.804718761903,51.511250000000004,2.0,WIN
SELL,2896.9097787210417,2903.2455964859646,2884.238143191196,6.335817764922922,90,ENGULFING_BEAR,8,BEAR,CROSS_DOWN,YES,1.0315043714199577,2.4079792134254085,XAUUSDm,2025-01-04 08:30:00,25.62875,2025-01-04 20:15:00,2884.238143191196,51.2575,2.0,WIN
SELL,2891.381375634185,2897.695829907034,2878.7524670884877,6.314454272848707,90,ENGULFING_BEAR,8,BEAR,CROSS_DOWN,YES,0.988080025138787,2.8087154729886,XAUUSDm,2025-01-04 16:30:00,25.755625000000002,2025-01-04 23:30:00,2878.7524670884877,51.511250000000004,2.0,WIN
SELL,2885.10078461582,2891.6776998563505,2871.946954134759,6.576915240530525,65,ENGULFING_BEAR,8,BEAR,BULL,YES,0.7470922548242136,2.6023397167003255,XAUUSDm,2025-01-04 22:15:00,26.012546874999998,2025-01-05 07:45:00,2871.946954134759,52.025093749999996,2.0,WIN
SELL,2887.181085663375,2897.3487366714207,2866.845783647284,10.167651008045596,80,MARUBOZU,8,BEAR,BEAR,YES,0.8443020553662883,2.8853932571774705,XAUUSDm,2025-01-04 19:30:00,25.884403125,2025-01-05 09:30:00,2866.845783647284,51.76880625,2.0,WIN
SELL,2878.752370178396,2889.3625159113476,2857.5320787124933,10.610145732951423,65,ENGULFING_BEAR,8,BEAR,BEAR,YES,0.8920770515721141,2.914512830182849,XAUUSDm,2025-01-05 01:30:00,26.141325,2025-01-05 16:00:00,2857.5320787124933,52.28265,2.0,WIN
SELL,2864.0772072041364,2874.039104495534,2844.153412621341,9.96189729139769,75,ENGULFING_BEAR,8,BEAR,CROSS_UP,YES,0.9842182860228005,2.9849402641729976,XAUUSDm,2025-01-05 12:45:00,26.40080975,2025-01-05 22:30:00,2844.153412621341,52.8016195,2.0,WIN
SELL,2864.349410121621,2876.301714066531,2840.444802231801,11.95230394491,80,ENGULFING_BEAR,8,BEAR,BEAR,YES,0.9341691484265988,2.883018078492807,XAUUSDm,2025-01-05 11:45:00,26.40080975,2025-01-05 23:30:00,2840.444802231801,52.8016195,2.0,WIN
SELL,2851.5039622844547,2864.4980389750185,2825.515808903327,12.994076690563816,65,ENGULFING_BEAR,8,BEAR,BEAR,YES,1.0899875743901641,2.6930299157245914,XAUUSDm,2025-01-05 18:30:00,26.531516374999995,2025-01-06 08:45:00,2825.515808903327,53.06303274999999,2.0,WIN
SELL,2837.992663104452,2850.08993746915,2813.798114375056,12.097274364698023,65,ENGULFING_BEAR,8,BEAR,BEAR,YES,0.8377499693289168,3.4456638692683903,XAUUSDm,2025-01-06 01:15:00,26.7955244725,2025-01-06 13:15:00,2813.798114375056,53.591048945,2.0,WIN
SELL,2837.4754436878457,2850.0480224097723,2812.3302862439923,12.572578721926675,80,ENGULFING_BEAR,8,BEAR,BEAR,YES,1.000592271873213,3.3059470046772774,XAUUSDm,2025-01-06 01:45:00,26.7955244725,2025-01-06 13:45:00,2812.3302862439923,53.591048945,2.0,WIN
SELL,2808.7530767062067,2816.971696865471,2792.315836387678,8.218620159264447,80,ENGULFING_BEAR,8,BEAR,BULL,YES,1.0098751089166424,2.424065569159146,XAUUSDm,2025-01-06 17:00:00,27.1961372991,2025-01-07 05:00:00,2792.315836387678,54.3922745982,2.0,WIN
SELL,2809.397783432882,2819.4209500381244,2789.3514502223975,10.023166605242295,80,ENGULFING_BEAR,8,BEAR,BULL,YES,1.1736321378310375,2.824296721625788,XAUUSDm,2025-01-06 15:45:00,27.1961372991,2025-01-07 06:30:00,2789.3514502223975,54.3922745982,2.0,WIN
SELL,2803.5326040331747,2811.3545093713215,2787.8887933568813,7.821905338146735,80,ENGULFING_BEAR,8,BEAR,BULL,YES,0.9942234885445533,2.799319289591386,XAUUSDm,2025-01-06 20:45:00,27.1961372991,2025-01-07 06:30:00,2787.8887933568813,54.3922745982,2.0,WIN
SELL,2792.6646353738,2795.2556525219875,2787.4826010774254,2.5910171481873476,65,ENGULFING_BEAR,8,BEAR,BULL,YES,1.115403793605521,2.922375133768128,XAUUSDm,2025-01-07 11:30:00,27.604079358586496,2025-01-07 13:30:00,2787.4826010774254,55.20815871717299,2.0,WIN
SELL,2791.397196653384,2795.1912895554046,2783.809010849343,3.794092902020566,80,ENGULFING_BEAR,8,BEAR,BULL,YES,0.8269639491518628,2.7078319118260143,XAUUSDm,2025-01-07 12:45:00,27.604079358586496,2025-01-07 17:30:00,2783.809010849343,55.20815871717299,2.0,WIN
SELL,2791.396584822513,2795.522573946885,2783.1446065737687,4.125989124372154,65,ENGULFING_BEAR,8,BEAR,BULL,YES,0.9252959008321908,3.169728068755159,XAUUSDm,2025-01-07 09:00:00,27.604079358586496,2025-01-07 18:15:00,2783.1446065737687,55.20815871717299,2.0,WIN
SELL,2786.2303076774906,2790.2823900758963,2778.1261428806793,4.052082398405673,65,ENGULFING_BEAR,8,BEAR,BULL,YES,0.6518329456805879,2.7610546114372134,XAUUSDm,2025-01-07 21:15:00,28.018140548965288,2025-01-08 00:00:00,2778.1261428806793,56.036281097930576,2.0,WIN
SELL,2788.285787847074,2794.712665853516,2775.4320318341906,6.4268780064417115,65,ENGULFING_BEAR,8,BEAR,BEAR,YES,0.7574356790949456,2.8539806311830165,XAUUSDm,2025-01-07 15:45:00,27.742099755379428,2025-01-08 01:45:00,2775.4320318341906,55.484199510758856,2.0,WIN
SELL,2778.673888495784,2782.3841802270426,2771.2533050332668,3.7102917312586214,65,ENGULFING_BEAR,8,BEAR,BULL,YES,0.988319729805798,3.168671039867366,XAUUSDm,2025-01-08 05:15:00,28.29694175048701,2025-01-08 05:30:00,2782.3841802270426,-28.29694175048701,-1.0,LOSS
SELL,2782.715233404662,2790.437264238755,2767.271171736476,7.722030834092948,65,ENGULFING_BEAR,8,BEAR,BEAR,YES,1.0060088682607435,2.9549223526999717,XAUUSDm,2025-01-07 22:15:00,28.018140548965288,2025-01-08 12:00:00,2767.271171736476,56.036281097930576,2.0,WIN
SELL,2777.1164211039886,2783.306267581035,2764.7367281498955,6.189846477046558,80,ENGULFING_BEAR,8,BEAR,BEAR,YES,1.2150742291587362,2.6318066149604724,XAUUSDm,2025-01-08 08:30:00,28.226199396110797,2025-01-08 13:45:00,2764.7367281498955,56.452398792221594,2.0,WIN
SELL,2765.1019619489443,2769.3803713517145,2756.545143143404,4.278409402770194,65,ENGULFING_BEAR,8,BEAR,BULL,YES,0.4955857385398981,2.9460664814152033,XAUUSDm,2025-01-08 19:45:00,28.50742109583618,2025-01-08 21:30:00,2769.3803713517145,-28.50742109583618,-1.0,LOSS
BUY,2766.479915200167,2761.949056432492,2775.541632735517,4.530858767674999,60,HAMMER,4,BEAR,BULL,YES,1.3191204287515763,3.1303569570060668,XAUUSDm,2025-01-09 00:00:00,28.436152543096593,2025-01-09 01:30:00,2761.949056432492,-28.436152543096593,-1.0,LOSS
SELL,2765.8795351929425,2770.494019927674,2756.6505657234798,4.614484734731377,65,ENGULFING_BEAR,8,BEAR,BULL,YES,0.818225458036643,3.1532984220859492,XAUUSDm,2025-01-08 23:45:00,28.436152543096593,2025-01-09 04:30:00,2756.6505657234798,56.87230508619319,2.0,WIN
SELL,2766.302043483571,2772.905797144392,2753.094536161929,6.603753660820985,65,ENGULFING_BEAR,8,BEAR,BULL,YES,1.1250227516330615,2.9500232628284895,XAUUSDm,2025-01-08 16:00:00,28.50742109583618,2025-01-09 14:00:00,2753.094536161929,57.01484219167236,2.0,WIN
SELL,2760.278186739545,2764.973476409704,2750.887607399228,4.695289670158672,80,ENGULFING_BEAR,8,BEAR,BULL,YES,1.2118474261357426,3.0090027698066435,XAUUSDm,2025-01-09 07:30:00,28.507242924454335,2025-01-09 15:00:00,2750.887607399228,57.01448584890867,2.0,WIN
SELL,2759.018106991954,2764.7635447870657,2747.5272314017307,5.745437795111684,65,ENGULFING_BEAR,8,BEAR,BULL,YES,1.1220500595947558,2.883667307874107,XAUUSDm,2025-01-09 08:30:00,28.507242924454335,2025-01-09 18:00:00,2747.5272314017307,57.01448584890867,2.0,WIN
BUY,2752.129868003984,2746.713586295017,2762.9624314219177,5.416281708966835,60,HAMMER,4,BEAR,BULL,YES,1.3861617059084852,2.5463756611046025,XAUUSDm,2025-01-09 22:30:00,28.934852459178064,2025-01-10 07:30:00,2762.9624314219177,57.86970491835613,2.0,WIN
BUY,2757.173008773156,2754.1179674206955,2763.2830914780775,3.0550413524606483,65,ENGULFING_BULL,4,BEAR,BEAR,YES,1.2923205608221142,2.720196700703777,XAUUSDm,2025-01-10 05:00:00,28.934852459178064,2025-01-10 07:30:00,2763.2830914780775,57.86970491835613,2.0,WIN
BUY,2757.6076727538434,2753.741357704923,2765.3403028516846,3.866315048920569,60,HAMMER,4,BEAR,BEAR,YES,1.4306371790906278,2.8703245280725067,XAUUSDm,2025-01-10 04:15:00,28.934852459178064,2025-01-10 09:45:00,2765.3403028516846,57.86970491835613,2.0,WIN
BUY,2762.69701229492,2758.186148044145,2771.7187407964707,4.510864250775285,65,HAMMER,4,BULL,BEAR,YES,0.6554806565064478,2.5654011011934017,XAUUSDm,2025-01-10 11:15:00,29.36887524606573,2025-01-11 08:00:00,2771.7187407964707,58.73775049213146,2.0,WIN
BUY,2772.06630104775,2765.324424120272,2785.5500549027065,6.741876927478188,65,HAMMER,4,BULL,BULL,YES,0.9907450923683164,2.3707644561979926,XAUUSDm,2025-01-11 09:30:00,29.51571962229606,2025-01-11 12:00:00,2765.324424120272,-29.51571962229606,-1.0,LOSS
BUY,2762.850722957853,2753.7656272731556,2781.020914327248,9.085095684697535,65,HAMMER,4,BULL,BULL,YES,1.250303766707169,2.34918113582983,XAUUSDm,2025-01-10 09:00:00,29.224200983769844,2025-01-12 17:45:00,2753.7656272731556,-29.224200983769844,-1.0,LOSS
BUY,2762.5342976636334,2753.79376676539,2780.01535946012,8.740530898243378,65,HAMMER,4,BULL,BULL,YES,0.845929265678702,2.2553828283807023,XAUUSDm,2025-01-10 09:30:00,29.224200983769844,2025-01-12 17:45:00,2753.79376676539,-29.224200983769844,-1.0,LOSS
BUY,2761.0520249570877,2752.9532717449406,2777.249531381382,8.09875321214713,65,MARUBOZU,4,BEAR,BULL,YES,0.8232451093210588,2.6987432485027187,XAUUSDm,2025-01-12 22:00:00,29.29580931832147,2025-01-13 04:00:00,2752.9532717449406,-29.29580931832147,-1.0,LOSS
BUY,2761.204410694976,2752.296879851877,2779.0194723811746,8.907530843099266,60,HAMMER,4,BEAR,BULL,YES,1.3528623245544866,2.6677060739271363,XAUUSDm,2025-01-12 20:15:00,29.29580931832147,2025-01-13 04:30:00,2752.296879851877,-29.29580931832147,-1.0,LOSS
SELL,2750.5566351613884,2757.068120108035,2737.533665268095,6.51148494664676,90,ENGULFING_BEAR,8,BEAR,BEAR,YES,1.3780645161290321,2.4889242206364717,XAUUSDm,2025-01-13 14:45:00,29.14933027172987,2025-01-13 17:45:00,2757.068120108035,-29.14933027172987,-1.0,LOSS
SELL,2752.6746811050702,2757.0479516533023,2743.928140008606,4.373270548232085,80,MARUBOZU,8,BEAR,BULL,YES,0.9651882143231625,2.4216960381932475,XAUUSDm,2025-01-13 16:45:00,29.14933027172987,2025-01-13 17:45:00,2757.0479516533023,-29.14933027172987,-1.0,LOSS
BUY,2758.254881727036,2751.284388170072,2772.1958688409636,6.970493556963902,65,HAMMER,4,BULL,BULL,YES,0.8900023304591005,2.606838331347717,XAUUSDm,2025-01-13 21:00:00,29.00358362037122,2025-01-14 02:15:00,2751.284388170072,-29.00358362037122,-1.0,LOSS
BUY,2755.7083606650503,2751.5575391792954,2764.01000363656,4.150821485754932,80,MARUBOZU,4,BULL,BEAR,YES,0.5888779893786151,2.7155872988530843,XAUUSDm,2025-01-13 22:30:00,29.00358362037122,2025-01-14 02:15:00,2751.5575391792954,-29.00358362037122,-1.0,LOSS
SELL,2761.7093061980977,2772.0730665220904,2740.9817855501124,10.363760323992665,65,ENGULFING_BEAR,8,BEAR,BEAR,YES,1.2271845981155822,2.9614751009469167,XAUUSDm,2025-01-11 14:15:00,29.44193032324032,2025-01-16 14:30:00,2772.0730665220904,-29.44193032324032,-1.0,LOSS
BUY,2757.83446598286,2750.3247131633257,2772.8539716219284,7.509752819534242,65,HAMMER,4,BULL,BULL,YES,1.123104003595371,3.163365315758191,XAUUSDm,2025-01-14 04:00:00,28.858565702269363,2025-01-16 14:30:00,2772.8539716219284,57.717131404538726,2.0,WIN
BUY,2759.8261923369632,2750.377467233846,2778.723642543198,9.44872510311734,65,HAMMER,4,BULL,BULL,YES,0.7346649332230233,2.9875184140243967,XAUUSDm,2025-01-14 04:45:00,28.858565702269363,2025-01-16 18:00:00,2778.723642543198,57.717131404538726,2.0,WIN
BUY,2774.955142101449,2763.436500126985,2797.992426050377,11.518641974464117,65,HAMMER,4,BULL,BULL,YES,1.1986473104232949,2.875709885207579,XAUUSDm,2025-01-16 17:00:00,28.92925370497261,2025-01-17 05:30:00,2797.992426050377,57.85850740994522,2.0,WIN
BUY,2781.010028228105,2772.4436490765074,2798.1427865313003,8.56637915159763,65,HAMMER,4,BULL,BULL,YES,1.1313352521586784,2.5917632461731133,XAUUSDm,2025-01-16 19:30:00,29.073546533483956,2025-01-17 05:30:00,2798.1427865313003,58.14709306696791,2.0,WIN
BUY,2775.583825762938,2758.198589182582,2810.35429892365,17.385236580355922,65,HAMMER,4,BULL,BULL,YES,0.936738942985131,3.0163819695177545,XAUUSDm,2025-01-16 16:00:00,28.92925370497261,2025-01-17 21:45:00,2810.35429892365,57.85850740994522,2.0,WIN
BUY,2798.9832499688296,2790.1088650394286,2816.7320198276316,8.874384929401003,65,HAMMER,4,BULL,BULL,YES,0.8959583911776783,2.643434543527227,XAUUSDm,2025-01-17 07:15:00,29.363560534676235,2025-01-18 01:45:00,2816.7320198276316,58.72712106935247,2.0,WIN
BUY,2798.781803512892,2787.8224433651117,2820.700523808453,10.959360147780444,65,HAMMER,4,BULL,BULL,YES,0.9236015836305906,2.724823645635232,XAUUSDm,2025-01-17 07:00:00,29.363560534676235,2025-01-18 05:15:00,2820.700523808453,58.72712106935247,2.0,WIN
BUY,2817.954117102176,2814.520630271821,2824.821090762886,3.433486830354923,65,HAMMER,4,BULL,BEAR,YES,0.7446069923134144,2.526211364207159,XAUUSDm,2025-01-18 07:15:00,29.80184240854786,2025-01-18 12:30:00,2814.520630271821,-29.80184240854786,-1.0,LOSS
SELL,2816.1583395013363,2821.1384370625688,2806.1981443788713,4.980097561232469,65,ENGULFING_BEAR,8,BULL,BEAR,YES,0.9489659276893319,2.783530330869369,XAUUSDm,2025-01-18 14:30:00,29.727337802526492,2025-01-18 16:00:00,2821.1384370625688,-29.727337802526492,-1.0,LOSS
BUY,2811.6359271790407,2804.3508094630433,2826.2061626110353,7.28511771599733,80,ENGULFING_BULL,4,BULL,BULL,YES,1.0287650602409637,2.825808019793017,XAUUSDm,2025-01-17 23:45:00,29.508206803201098,2025-01-18 17:15:00,2826.2061626110353,59.016413606402196,2.0,WIN
BUY,2817.7468184322693,2807.8097509205677,2837.6209534556724,9.93706751170157,65,HAMMER,4,BULL,BULL,YES,1.070529808234042,2.6946647084714423,XAUUSDm,2025-01-18 03:15:00,29.655024605874477,2025-01-19 04:15:00,2837.6209534556724,59.310049211748954,2.0,WIN
BUY,2826.802789680869,2815.6694452037277,2849.0694786351514,11.133344477141236,65,HAMMER,4,BULL,BULL,YES,0.9432369839219704,2.8297121070300344,XAUUSDm,2025-01-18 19:15:00,29.80056049203618,2025-01-19 17:00:00,2849.0694786351514,59.60112098407236,2.0,WIN
BUY,2826.704716633845,2813.874865798152,2852.3644183052306,12.829850835692923,65,HAMMER,4,BULL,BULL,YES,1.2152734548688306,2.7980117420040536,XAUUSDm,2025-01-18 18:45:00,29.80056049203618,2025-01-19 18:15:00,2852.3644183052306,59.60112098407236,2.0,WIN
BUY,2841.44019206769,2831.3782887784287,2861.563998646213,10.061903289261409,80,HAMMER,4,BULL,BULL,YES,1.1598185699039487,2.9352963550793554,XAUUSDm,2025-01-19 06:30:00,29.94883561506555,2025-01-20 02:15:00,2861.563998646213,59.8976712301311,2.0,WIN
BUY,2855.9875309474733,2845.0568913723782,2877.8488100976633,10.930639575095029,80,ENGULFING_BULL,4,BULL,BULL,YES,1.215552699228792,3.127257178872523,XAUUSDm,2025-01-19 20:30:00,30.246841219985914,2025-01-20 09:00:00,2877.8488100976633,60.49368243997183,2.0,WIN
BUY,2855.401731082732,2842.193822254948,2881.8175487383005,13.207908827784195,65,HAMMER,4,BULL,BULL,YES,0.9443659257355775,3.023116353881159,XAUUSDm,2025-01-19 20:00:00,30.246841219985914,2025-01-20 10:45:00,2881.8175487383005,60.49368243997183,2.0,WIN
BUY,2863.111730522889,2853.8968737181713,2881.5414441323246,9.214856804717783,65,HAMMER,4,BULL,BULL,YES,0.8896410780431729,2.6873586312884377,XAUUSDm,2025-01-20 04:00:00,30.396585398061244,2025-01-20 10:45:00,2881.5414441323246,60.79317079612249,2.0,WIN
BUY,2882.117853518372,2874.5109789145963,2897.331602725924,7.60687460377585,80,ENGULFING_BULL,4,BULL,BEAR,YES,0.6122883123383666,3.104309977344937,XAUUSDm,2025-01-20 13:30:00,30.851036737251412,2025-01-20 20:00:00,2897.331602725924,61.702073474502825,2.0,WIN
BUY,2880.666768745053,2871.3641154349975,2899.2720753651643,9.302653310055575,65,HAMMER,4,BULL,BEAR,YES,1.135759627592044,3.02851931517188,XAUUSDm,2025-01-20 12:30:00,30.851036737251412,2025-01-20 20:45:00,2899.2720753651643,61.702073474502825,2.0,WIN
BUY,2882.6448986319638,2874.527782739317,2898.8791304172573,8.11711589264678,65,HAMMER,4,BULL,BEAR,YES,0.5965118515827047,3.048297228275563,XAUUSDm,2025-01-20 13:45:00,30.851036737251412,2025-01-20 20:45:00,2898.8791304172573,61.702073474502825,2.0,WIN
BUY,2903.2528542936825,2890.591996562871,2928.5745697553057,12.660857730811585,65,HAMMER,4,BULL,BULL,YES,0.9123687281213536,3.0686246630664407,XAUUSDm,2025-01-20 23:00:00,31.313802288310175,2025-01-21 22:45:00,2928.5745697553057,62.62760457662035,2.0,WIN
BUY,2902.985160027456,2888.697148724212,2931.5611826339436,14.28801130324382,65,HAMMER,4,BULL,BULL,YES,1.0719145174309106,3.0633651694514854,XAUUSDm,2025-01-20 22:45:00,31.313802288310175,2025-01-22 02:45:00,2931.5611826339436,62.62760457662035,2.0,WIN
BUY,2902.9353666948937,2886.3135515615354,2936.17899696161,16.621815133358268,80,ENGULFING_BULL,4,BULL,BULL,YES,1.0895185459074457,3.198969410549147,XAUUSDm,2025-01-20 22:30:00,31.313802288310175,2025-01-22 05:30:00,2936.17899696161,62.62760457662035,2.0,WIN
BUY,2931.392142554796,2925.639819573853,2942.896788516682,5.752322980943063,65,ENGULFING_BULL,4,BULL,BEAR,YES,0.9260331341996675,2.566302404958714,XAUUSDm,2025-01-22 04:30:00,31.62694031119328,2025-01-22 09:00:00,2942.896788516682,63.25388062238656,2.0,WIN
BUY,2928.9113489422657,2918.9396550767237,2948.8547366733496,9.971693865541965,80,ENGULFING_BULL,4,BULL,BULL,YES,1.018541257367387,2.9668979092942513,XAUUSDm,2025-01-22 00:30:00,31.47037129975173,2025-01-22 15:00:00,2948.8547366733496,62.94074259950346,2.0,WIN
BUY,2939.8673393854806,2935.2992255402796,2949.0035670758825,4.568113845200969,65,HAMMER,4,BULL,BEAR,YES,0.6346312037290923,2.8007804948319106,XAUUSDm,2025-01-22 10:30:00,31.9416440241908,2025-01-22 15:00:00,2949.0035670758825,63.8832880483816,2.0,WIN
BUY,2939.5033940629323,2928.639785600226,2961.2306109883452,10.863608462706452,65,HAMMER,4,BULL,BULL,YES,0.8105900725983455,2.819883524224852,XAUUSDm,2025-01-22 07:30:00,31.78350932263483,2025-01-22 21:15:00,2961.2306109883452,63.56701864526966,2.0,WIN
BUY,2948.0603543983148,2938.8577449486907,2966.465573297563,9.202609449624106,65,HAMMER,4,BULL,BULL,YES,0.6771545827633378,3.0765144501455586,XAUUSDm,2025-01-22 16:30:00,32.25870410081051,2025-01-23 01:30:00,2966.465573297563,64.51740820162102,2.0,WIN
BUY,2948.2630555851006,2938.876833286974,2967.0355001813537,9.38622229812654,65,HAMMER,4,BULL,BULL,YES,0.7167187811855499,3.012886655868442,XAUUSDm,2025-01-22 16:45:00,32.25870410081051,2025-01-23 02:00:00,2967.0355001813537,64.51740820162102,2.0,WIN
BUY,2961.8575010221443,2953.083060105613,2979.4063828552066,8.774440916531148,80,ENGULFING_BULL,4,BULL,BULL,YES,0.8605232781839168,3.2946033881528907,XAUUSDm,2025-01-22 23:00:00,32.41762164742369,2025-01-23 07:45:00,2979.4063828552066,64.83524329484737,2.0,WIN
BUY,2969.653715257601,2959.7517850060776,2989.457575760648,9.901930251523481,80,ENGULFING_BULL,4,BULL,BULL,YES,1.1273669523619692,2.6135751579942217,XAUUSDm,2025-01-23 03:45:00,32.74020868843179,2025-01-23 23:30:00,2989.457575760648,65.48041737686358,2.0,WIN
BUY,2969.758666499615,2959.7251355909884,2989.8257283168687,10.033530908626744,65,ENGULFING_BULL,4,BULL,BULL,YES,1.0896205237840728,2.702406541624766,XAUUSDm,2025-01-23 04:15:00,32.74020868843179,2025-01-24 00:00:00,2989.8257283168687,65.48041737686358,2.0,WIN
BUY,2980.8557446137283,2967.1643772073567,3008.2384794264717,13.691367406371683,65,HAMMER,4,BULL,BULL,YES,1.112358863571516,3.194554823794533,XAUUSDm,2025-01-23 09:15:00,32.90229679666891,2025-01-27 18:45:00,3008.2384794264717,65.80459359333781,2.0,WIN
BUY,2993.0332741417847,2983.4781794183873,3012.1434635885794,9.55509472339736,80,ENGULFING_BULL,4,BULL,BULL,YES,0.7882633984212714,3.10881346146672,XAUUSDm,2025-01-24 02:30:00,33.229698883553226,2025-01-28 12:30:00,3012.1434635885794,66.45939776710645,2.0,WIN
BUY,2992.436298021966,2982.1073331323264,3013.094227801246,10.328964889639792,65,HAMMER,4,BULL,BULL,YES,1.0897333546223855,3.1720265585287444,XAUUSDm,2025-01-24 01:45:00,33.229698883553226,2025-01-28 12:45:00,3013.094227801246,66.45939776710645,2.0,WIN
BUY,3005.7645411449844,2999.3606738711,3018.572275692753,6.403867273884316,75,HAMMER,4,BULL,CROSS_DOWN,YES,0.6541660365945864,3.132821862584175,XAUUSDm,2025-01-27 20:30:00,33.39421036753657,2025-01-28 17:45:00,3018.572275692753,66.78842073507315,2.0,WIN
BUY,3014.350396215188,3006.854547125861,3029.3420943938427,7.495849089327294,65,HAMMER,4,BULL,BULL,YES,0.605700225548493,2.4909663219797213,XAUUSDm,2025-01-28 15:15:00,33.7265073563721,2025-01-29 07:45:00,3006.854547125861,-33.7265073563721,-1.0,LOSS
BUY,3015.1162387476725,3006.808694919669,3031.7313264036793,8.307543828003418,65,HAMMER,4,BULL,BULL,YES,1.1369175627240142,2.6438070092859736,XAUUSDm,2025-01-28 15:30:00,33.7265073563721,2025-01-29 07:45:00,3006.808694919669,-33.7265073563721,-1.0,LOSS
SELL,3012.2498852101344,3017.1765253068115,3002.39660501678,4.926640096677147,65,ENGULFING_BEAR,8,BULL,BULL,YES,1.2781218642953531,2.9246811959994936,XAUUSDm,2025-01-29 00:00:00,33.89347840820979,2025-01-29 14:30:00,3002.39660501678,67.78695681641958,2.0,WIN
SELL,3008.674155148704,3013.435209012774,2999.1520474205636,4.761053864070163,65,ENGULFING_BEAR,8,BEAR,BULL,YES,0.9175776804497017,2.884768772377573,XAUUSDm,2025-01-29 11:00:00,33.724845871427924,2025-01-29 15:30:00,2999.1520474205636,67.44969174285585,2.0,WIN
SELL,3002.610314752664,3005.821252285425,2996.1884396871424,3.2109375327609087,80,MARUBOZU,8,BEAR,BULL,YES,1.1087217552668922,2.8137550258968638,XAUUSDm,2025-01-29 17:45:00,34.06293749282611,2025-01-29 18:15:00,3005.821252285425,-34.06293749282611,-1.0,LOSS
BUY,3008.339175022537,3002.4474851832165,3020.1225547011777,5.8916898393204065,65,MARUBOZU,4,BEAR,BULL,YES,1.2605871227695091,2.5496470629248593,XAUUSDm,2025-01-29 22:30:00,33.977780149094045,2025-01-30 03:45:00,3002.4474851832165,-33.977780149094045,-1.0,LOSS
BUY,3006.54349761431,3001.030387654031,3017.5697175348682,5.513109960279053,65,ENGULFING_BULL,4,BEAR,BULL,YES,0.7454889589905364,2.6236573852509406,XAUUSDm,2025-01-29 22:00:00,33.977780149094045,2025-01-30 07:30:00,3001.030387654031,-33.977780149094045,-1.0,LOSS
SELL,2997.538149893623,3003.9210493682667,2984.772350944336,6.3828994746436365,80,MARUBOZU,8,BEAR,BEAR,YES,0.6691440996244317,2.6075104116089496,XAUUSDm,2025-01-30 11:45:00,33.80789124834857,2025-01-30 16:15:00,3003.9210493682667,-33.80789124834857,-1.0,LOSS
SELL,3006.210772571446,3011.7701751831614,2995.091967348015,5.559402611715541,75,ENGULFING_BEAR,8,BEAR,CROSS_DOWN,YES,1.2817375231053605,2.8576896879541587,XAUUSDm,2025-01-29 13:15:00,33.724845871427924,2025-01-31 06:15:00,2995.091967348015,67.44969174285585,2.0,WIN
BUY,3001.237438923595,2993.260862993856,3017.1905907830737,7.976575929739283,65,ENGULFING_BULL,4,BEAR,BULL,YES,1.1874601328280365,2.7991162430649594,XAUUSDm,2025-01-31 11:00:00,33.89199574958484,2025-02-01 00:30:00,2993.260862993856,-33.89199574958484,-1.0,LOSS
SELL,2991.4539990409403,2998.9897411426564,2976.382514837508,7.535742101716096,80,ENGULFING_BEAR,8,BEAR,BEAR,YES,1.0233455949302546,2.728264924662372,XAUUSDm,2025-02-01 03:45:00,33.807265760210875,2025-02-02 00:15:00,2998.9897411426564,-33.807265760210875,-1.0,LOSS
SELL,2999.0273428045693,3005.4518244330206,2986.1783795476667,6.4244816284513035,65,ENGULFING_BEAR,8,BEAR,BEAR,YES,1.0675805933383313,2.597580285799246,XAUUSDm,2025-01-30 18:30:00,33.7233715202277,2025-02-02 16:45:00,3005.4518244330206,-33.7233715202277,-1.0,LOSS
BUY,2997.717030049253,2991.726011358043,3009.6990674316735,5.991018691210229,65,HAMMER,4,BULL,BULL,YES,0.9696123698056481,2.604980326956831,XAUUSDm,2025-02-02 02:00:00,33.72274759581034,2025-02-02 23:15:00,3009.6990674316735,67.44549519162068,2.0,WIN
SELL,3002.6957737597813,3011.2904029523397,2985.5065153746646,8.594629192558386,65,ENGULFING_BEAR,8,BEAR,BEAR,YES,0.792910656379291,2.8358126200255573,XAUUSDm,2025-01-30 05:30:00,33.892835698721306,2025-02-03 01:45:00,3011.2904029523397,-33.892835698721306,-1.0,LOSS
BUY,3004.0390235586333,2998.6023030565866,3014.9124645627267,5.436720502046683,75,HAMMER,4,BULL,CROSS_UP,YES,0.8663633559531154,2.9334198993511302,XAUUSDm,2025-02-02 18:30:00,33.63843916700977,2025-02-03 03:15:00,3014.9124645627267,67.27687833401954,2.0,WIN
BUY,3007.8016669936446,3002.671915504993,3018.0611699709475,5.129751488651436,65,ENGULFING_BULL,4,BULL,BEAR,YES,0.696457765667575,2.7708531086281947,XAUUSDm,2025-02-03 00:45:00,33.80705290498883,2025-02-03 05:30:00,3018.0611699709475,67.61410580997766,2.0,WIN
BUY,3011.804169244319,3005.174291993289,3025.063923746379,6.629877251029939,65,HAMMER,4,BULL,BULL,YES,0.7768526228143214,2.6792723876310665,XAUUSDm,2025-02-03 03:15:00,33.72232081574202,2025-02-03 09:00:00,3025.063923746379,67.44464163148405,2.0,WIN
BUY,3022.3911807508503,3014.669905211265,3037.833731830021,7.721275539585349,65,HAMMER,4,BULL,BEAR,YES,1.258167330677291,2.9022091692486356,XAUUSDm,2025-02-03 10:45:00,34.228159880180726,2025-02-04 02:15:00,3014.669905211265,-34.228159880180726,-1.0,LOSS
BUY,3019.300743972975,3013.381576268468,3031.1390793819887,5.91916770450689,75,HAMMER,4,BULL,CROSS_UP,YES,1.2803053435114502,3.174667873633661,XAUUSDm,2025-02-04 05:00:00,34.14258948048028,2025-02-04 06:30:00,3013.381576268468,-34.14258948048028,-1.0,LOSS
SELL,3014.3366795651937,3021.4705116647674,3000.069015366046,7.133832099573738,80,ENGULFING_BEAR,8,BEAR,BEAR,YES,0.5690251209956212,2.7081812441838773,XAUUSDm,2025-02-04 09:15:00,34.05723300677908,2025-02-05 00:30:00,3021.4705116647674,-34.05723300677908,-1.0,LOSS
BUY,3019.210352382009,3012.334986351747,3032.961084442534,6.875366030262285,65,HAMMER,4,BULL,BEAR,YES,1.0835717130752798,2.960548193564223,XAUUSDm,2025-02-05 03:00:00,33.972089924262136,2025-02-05 08:30:00,3012.334986351747,-33.972089924262136,-1.0,LOSS
SELL,3014.8365931361845,3019.8715680270243,3004.766643354505,5.034974890839749,80,ENGULFING_BEAR,8,BEAR,BULL,YES,0.850149187755553,2.66240106281512,XAUUSDm,2025-02-05 13:15:00,33.88715969945148,2025-02-06 00:30:00,3019.8715680270243,-33.88715969945148,-1.0,LOSS
BUY,3017.221717398374,3011.687895436921,3028.2893613212805,5.533821961453214,65,HAMMER,4,BULL,BULL,YES,0.9065066329753632,2.7772486383478716,XAUUSDm,2025-02-06 02:15:00,33.80244180020285,2025-02-06 05:15:00,3011.687895436921,-33.80244180020285,-1.0,LOSS
BUY,3017.970370605623,3008.652342482661,3036.606426851547,9.318028122962005,65,HAMMER,4,BULL,BULL,YES,1.132633434845328,3.2841832615140447,XAUUSDm,2025-02-03 07:00:00,34.05954827610202,2025-02-06 11:15:00,3008.652342482661,-34.05954827610202,-1.0,LOSS
BUY,3012.9119064189945,3005.2214377725436,3028.2928437118962,7.690468646450881,75,HAMMER,4,BULL,CROSS_DOWN,YES,1.2217334442991319,3.03351774493794,XAUUSDm,2025-02-03 05:00:00,33.89051301157707,2025-02-06 19:30:00,3005.2214377725436,-33.89051301157707,-1.0,LOSS
SELL,3014.3701226654957,3019.8215390991004,3003.4672897982864,5.451416433604663,65,ENGULFING_BEAR,8,BEAR,BEAR,YES,1.135426206088135,2.8142207928577982,XAUUSDm,2025-02-06 07:45:00,33.71793569570234,2025-02-06 22:00:00,3003.4672897982864,67.43587139140467,2.0,WIN
SELL,3005.7740000165786,3011.683662831547,2993.954674386642,5.909662814968215,65,ENGULFING_BEAR,8,BEAR,BEAR,YES,1.112927191679049,2.5792954969136277,XAUUSDm,2025-02-06 21:30:00,33.54806054248314,2025-02-07 08:30:00,3011.683662831547,-33.54806054248314,-1.0,LOSS
SELL,3010.2931759209,3014.8645639450683,3001.1503998725634,4.5713880241683,65,ENGULFING_BEAR,8,BEAR,BULL,YES,1.2134980149977945,3.047136526889712,XAUUSDm,2025-02-06 14:30:00,33.63278682501208,2025-02-07 12:45:00,3001.1503998725634,67.26557365002417,2.0,WIN
BUY,3006.7084541786267,3000.348500807797,3019.428360920286,6.359953370829771,60,HAMMER,4,BEAR,BULL,YES,1.3205342237061768,3.1343434587856573,XAUUSDm,2025-02-07 02:30:00,33.716650220961654,2025-02-07 12:45:00,3000.348500807797,-33.716650220961654,-1.0,LOSS
SELL,3001.8969705219647,3006.9819907618626,2991.726930042169,5.085020239897858,65,ENGULFING_BEAR,8,BEAR,BULL,YES,0.9314087258519644,2.981086492585053,XAUUSDm,2025-02-07 15:45:00,33.716652378178104,2025-02-08 01:15:00,3006.9819907618626,-33.716652378178104,-1.0,LOSS
SELL,2999.7756194119847,3008.4619057556047,2982.403046724745,8.68628634361994,65,ENGULFING_BEAR,8,BEAR,BEAR,YES,1.1836884643644379,2.772756450126508,XAUUSDm,2025-02-07 14:45:00,33.716652378178104,2025-02-08 02:45:00,3008.4619057556047,-33.716652378178104,-1.0,LOSS
BUY,3005.675336127901,3002.1927519726596,3012.640504438384,3.4825841552415113,65,HAMMER,4,BULL,BEAR,YES,0.9691735975933464,3.1972420338004537,XAUUSDm,2025-02-08 05:00:00,33.54806911628721,2025-02-08 13:00:00,3012.640504438384,67.09613823257442,2.0,WIN
SELL,3004.5985307747824,3013.6088265049257,2986.577939314496,9.010295730143298,80,ENGULFING_BEAR,8,BEAR,BEAR,YES,0.6901303140354625,2.5323377121228425,XAUUSDm,2025-02-07 12:00:00,33.632780069605445,2025-02-08 13:30:00,3013.6088265049257,-33.632780069605445,-1.0,LOSS
BUY,3013.094822427677,3009.7839587979547,3019.716549687122,3.310863629722462,65,HAMMER,4,BULL,BEAR,YES,0.9123920953128344,3.045062673326789,XAUUSDm,2025-02-08 17:45:00,33.631727511694635,2025-02-08 19:00:00,3009.7839587979547,-33.631727511694635,-1.0,LOSS
BUY,3014.181997933147,3006.6357796102457,3029.27443457895,7.546218322901495,65,HAMMER,4,BULL,BULL,YES,1.2504118616144977,3.0076731686169857,XAUUSDm,2025-02-08 16:00:00,33.631727511694635,2025-02-08 20:00:00,3006.6357796102457,-33.631727511694635,-1.0,LOSS
BUY,3007.7048875594787,3002.1852451668924,3018.7441723446514,5.51964239258632,80,ENGULFING_BULL,4,BULL,BEAR,YES,0.8177389261281184,3.2222647196911653,XAUUSDm,2025-02-08 05:30:00,33.54806911628721,2025-02-09 04:00:00,3002.1852451668924,-33.54806911628721,-1.0,LOSS
SELL,3000.512783156913,3008.3674851111314,2984.803379248476,7.854701954218399,65,ENGULFING_BEAR,8,BEAR,BEAR,YES,0.9975076968186484,2.715933955083485,XAUUSDm,2025-02-09 08:45:00,33.37969870134545,2025-02-09 21:00:00,3008.3674851111314,-33.37969870134545,-1.0,LOSS
BUY,3007.69864898121,3000.9160078020936,3021.2639313394434,6.782641179116581,65,ENGULFING_BULL,4,BULL,BULL,YES,1.2239411809757217,2.931840778630582,XAUUSDm,2025-02-09 22:30:00,33.296249454592086,2025-02-10 00:30:00,3000.9160078020936,-33.296249454592086,-1.0,LOSS
SELL,3004.8340100909754,3013.3133833881298,2987.875263496667,8.479373297154325,65,ENGULFING_BEAR,8,BEAR,BEAR,YES,0.8735636198526073,3.149921395223958,XAUUSDm,2025-02-09 00:30:00,33.463568874136165,2025-02-10 08:30:00,3013.3133833881298,-33.463568874136165,-1.0,LOSS
SELL,3008.848542850989,3014.378415070973,2997.7887984110207,5.5298722199840995,75,ENGULFING_BEAR,8,BULL,BEAR,YES,1.323235159897497,2.6816891027126206,XAUUSDm,2025-02-08 22:00:00,33.463568874136165,2025-02-10 10:00:00,3014.378415070973,-33.463568874136165,-1.0,LOSS
BUY,3011.702148025405,3006.0729923614035,3022.9604593534086,5.629155664001701,80,ENGULFING_BULL,4,BULL,BEAR,YES,1.0041816703449877,2.839071775177867,XAUUSDm,2025-02-10 12:15:00,33.04569098658492,2025-02-10 16:15:00,3006.0729923614035,-33.04569098658492,-1.0,LOSS
BUY,3011.089955326334,3004.8249608315214,3023.619944315959,6.264994494812527,80,ENGULFING_BULL,4,BULL,BULL,YES,0.6676441083416931,2.78024356702794,XAUUSDm,2025-02-10 10:00:00,33.129349908770266,2025-02-10 20:00:00,3004.8249608315214,-33.129349908770266,-1.0,LOSS
SELL,3008.166951799524,3012.8893140153714,2998.72222736783,4.72236221584717,65,ENGULFING_BEAR,8,BULL,BULL,YES,0.7884282597246257,2.8971312463813126,XAUUSDm,2025-02-10 19:45:00,32.963076759118465,2025-02-11 11:30:00,3012.8893140153714,-32.963076759118465,-1.0,LOSS
SELL,3006.605871733088,3012.942522273378,2993.932570652508,6.336650540290066,65,ENGULFING_BEAR,8,BULL,BEAR,YES,0.9316763221827696,3.0744921064039037,XAUUSDm,2025-02-10 21:45:00,32.88025338434654,2025-02-11 11:30:00,3012.942522273378,-32.88025338434654,-1.0,LOSS
BUY,3010.636233568475,3005.720615774129,3020.4674691571668,4.9156177943459625,65,HAMMER,4,BULL,BULL,YES,1.2768169837888579,2.5583724423302208,XAUUSDm,2025-02-11 13:00:00,32.715645058987874,2025-02-11 16:45:00,3005.720615774129,-32.715645058987874,-1.0,LOSS
BUY,3011.7140792911537,3005.692104524637,3023.7580288241866,6.0219747665164505,65,ENGULFING_BULL,4,BULL,BULL,YES,0.8561348490787927,2.6534099406346416,XAUUSDm,2025-02-11 13:45:00,32.715645058987874,2025-02-11 16:45:00,3005.692104524637,-32.715645058987874,-1.0,LOSS
SELL,3006.411293501855,3010.60653016709,2998.0208201713854,4.195236665234916,65,ENGULFING_BEAR,8,BEAR,BULL,YES,0.9413079721127614,2.5891741634235195,XAUUSDm,2025-02-11 23:00:00,32.55206683369293,2025-02-12 02:45:00,3010.60653016709,-32.55206683369293,-1.0,LOSS
BUY,3006.1875693869133,2998.5042964920253,3021.5541151766893,7.683272894887978,75,HAMMER,4,BULL,CROSS_UP,YES,0.8511465683130212,3.171512234275139,XAUUSDm,2025-02-10 02:15:00,33.21300883095561,2025-02-12 16:30:00,3021.5541151766893,66.42601766191122,2.0,WIN
BUY,3010.5929815393515,3004.009357617982,3023.7602293820905,6.583623921369508,65,HAMMER,4,BULL,BULL,YES,0.7633099675158146,2.5186969244143604,XAUUSDm,2025-02-12 04:15:00,32.47068666660871,2025-02-12 19:30:00,3023.7602293820905,64.94137333321741,2.0,WIN
BUY,3010.857322011953,3004.0309571197135,3024.5100517964315,6.826364892239326,65,HAMMER,4,BULL,BULL,YES,1.0016999286029986,2.446698585308739,XAUUSDm,2025-02-12 04:30:00,32.47068666660871,2025-02-12 20:30:00,3024.5100517964315,64.94137333321741,2.0,WIN
BUY,3026.373249511857,3018.6133566672715,3041.893035201028,7.759892844585465,65,HAMMER,4,BULL,BULL,YES,1.2979210447313119,2.98809510056355,XAUUSDm,2025-02-12 23:15:00,32.96145857742957,2025-02-13 23:00:00,3018.6133566672715,-32.96145857742957,-1.0,LOSS
BUY,3026.6504712052524,3018.636525537984,3042.678362539789,8.013945667268217,65,HAMMER,4,BULL,BULL,YES,1.1129873073436083,2.910865531520856,XAUUSDm,2025-02-12 23:30:00,32.96145857742957,2025-02-13 23:00:00,3018.636525537984,-32.96145857742957,-1.0,LOSS
BUY,3021.395970693477,3012.2194715458413,3039.7489689887484,9.176499147635695,65,HAMMER,4,BULL,BULL,YES,1.2313978494623654,2.698395862058641,XAUUSDm,2025-02-12 18:00:00,32.636751710763484,2025-02-14 02:15:00,3012.2194715458413,-32.636751710763484,-1.0,LOSS
SELL,3016.455332760816,3025.67246623423,2998.021065813988,9.217133473413924,80,ENGULFING_BEAR,8,BEAR,BEAR,YES,1.083663481705896,2.7102365129317367,XAUUSDm,2025-02-14 01:30:00,32.79665128454242,2025-02-14 13:00:00,2998.021065813988,65.59330256908484,2.0,WIN
SELL,3016.0335173932185,3026.22998706207,2995.6405780555156,10.196469668851478,65,ENGULFING_BEAR,8,BEAR,BEAR,YES,0.8838303533763833,2.7412540323436936,XAUUSDm,2025-02-14 00:45:00,32.79665128454242,2025-02-14 14:15:00,2995.6405780555156,65.59330256908484,2.0,WIN
SELL,3006.7117041502984,3013.7329834995903,2992.6691454517145,7.0212793492919445,65,ENGULFING_BEAR,8,BEAR,BULL,YES,1.2834602829162132,3.2299563763864128,XAUUSDm,2025-02-14 08:30:00,32.715059405265514,2025-02-14 14:45:00,2992.6691454517145,65.43011881053103,2.0,WIN
SELL,2994.397205841544,2997.884433072644,2987.422751379344,3.4872272310999506,90,ENGULFING_BEAR,8,BEAR,BULL,YES,1.3270504985525893,2.5679368916628933,XAUUSDm,2025-02-14 18:45:00,33.20660121513727,2025-02-15 01:00:00,2987.422751379344,66.41320243027454,2.0,WIN
SELL,2991.941974082336,2997.215868709567,2981.3941848278737,5.27389462723113,65,ENGULFING_BEAR,8,BEAR,BULL,YES,1.193406017173196,2.6228299225802707,XAUUSDm,2025-02-14 20:45:00,33.20660121513727,2025-02-15 03:00:00,2981.3941848278737,66.41320243027454,2.0,WIN
SELL,2993.7695345809298,3000.9237653373916,2979.461073068006,7.154230756461857,65,ENGULFING_BEAR,8,BEAR,BULL,YES,0.6978497626361352,2.7974130541134574,XAUUSDm,2025-02-14 17:45:00,33.20660121513727,2025-02-15 09:00:00,2979.461073068006,66.41320243027454,2.0,WIN
SELL,2982.0845811979616,2987.340349109626,2971.573045374633,5.255767911664407,80,ENGULFING_BEAR,8,BEAR,BULL,YES,0.7785040230455945,3.1389784161223404,XAUUSDm,2025-02-15 07:45:00,33.53866722728864,2025-02-15 16:30:00,2971.573045374633,67.07733445457728,2.0,WIN
SELL,2976.583289013235,2981.4052753823107,2966.939316275084,4.821986369075603,80,ENGULFING_BEAR,8,BEAR,BULL,YES,1.0214034855211716,3.3330153628463406,XAUUSDm,2025-02-15 14:30:00,33.70470023336433,2025-02-15 20:30:00,2966.939316275084,67.40940046672866,2.0,WIN
SELL,2976.531279724305,2984.8853808582608,2959.8230774563935,8.354101133955737,65,ENGULFING_BEAR,8,BEAR,BULL,YES,1.0777320891981654,3.270869304240326,XAUUSDm,2025-02-15 12:15:00,33.70470023336433,2025-02-16 08:15:00,2959.8230774563935,67.40940046672866,2.0,WIN
SELL,2970.00104512388,2977.991709574512,2954.0197162226164,7.990664450631812,65,ENGULFING_BEAR,8,BEAR,BEAR,YES,0.9100646606788388,2.871781536147713,XAUUSDm,2025-02-15 19:00:00,33.87239356950077,2025-02-16 12:00:00,2954.0197162226164,67.74478713900155,2.0,WIN
SELL,2963.8440601670472,2971.937400478072,2947.6573795449976,8.093340311024804,80,ENGULFING_BEAR,8,BEAR,BEAR,YES,1.2094982839072923,2.7926164939270683,XAUUSDm,2025-02-15 23:30:00,34.04091707066759,2025-02-16 15:45:00,2947.6573795449976,68.08183414133518,2.0,WIN
SELL,2960.2588276173537,2970.7499092589974,2939.2766643340665,10.491081641643632,80,ENGULFING_BEAR,8,BEAR,BEAR,YES,1.2252716547656006,2.9918767665401553,XAUUSDm,2025-02-16 09:45:00,34.20944057183441,2025-02-17 03:15:00,2939.2766643340665,68.41888114366883,2.0,WIN
SELL,2946.673671852626,2952.7859918354884,2934.4490318869007,6.112319982862573,65,ENGULFING_BEAR,8,BEAR,BULL,YES,0.9592661755350803,3.057194919153625,XAUUSDm,2025-02-16 19:15:00,34.54900712503526,2025-02-17 05:00:00,2934.4490318869007,69.09801425007052,2.0,WIN
SELL,2951.2544018670737,2960.981311689001,2931.8005822232194,9.726909821927165,80,ENGULFING_BEAR,8,BEAR,BEAR,YES,0.9000367887508175,3.23192203751965,XAUUSDm,2025-02-16 14:45:00,34.37880253968192,2025-02-17 08:15:00,2931.8005822232194,68.75760507936384,2.0,WIN
SELL,2932.972175915907,2938.1188485082957,2922.6788307311294,5.146672592388768,80,ENGULFING_BEAR,8,BEAR,BULL,YES,1.1638616080524877,2.9778821240493234,XAUUSDm,2025-02-17 11:45:00,35.06469337621802,2025-02-17 17:30:00,2922.6788307311294,70.12938675243603,2.0,WIN
SELL,2935.361778284052,2943.2979396557325,2919.489455540691,7.936161371680555,80,ENGULFING_BEAR,8,BEAR,BULL,YES,0.9452436194895592,2.783177199491114,XAUUSDm,2025-02-17 07:15:00,34.89279936351961,2025-02-17 18:30:00,2919.489455540691,69.78559872703921,2.0,WIN
SELL,2936.2019256558747,2946.589479476613,2915.4268180143977,10.387553820738503,80,ENGULFING_BEAR,8,BEAR,BEAR,YES,0.7289512555391433,3.0320454633872593,XAUUSDm,2025-02-17 05:00:00,34.72005432789443,2025-02-17 19:45:00,2915.4268180143977,69.44010865578886,2.0,WIN
SELL,2917.399141918203,2921.8978593855745,2908.40170698346,4.498717467371534,65,ENGULFING_BEAR,8,BEAR,BULL,YES,0.9476399169619828,2.903494209258865,XAUUSDm,2025-02-18 00:00:00,35.58808111155618,2025-02-18 03:45:00,2908.40170698346,71.17616222311236,2.0,WIN
SELL,2917.853363346625,2923.4189036490507,2906.7222827417736,5.565540302425688,65,ENGULFING_BEAR,8,BEAR,BULL,YES,1.1919814135902465,2.8100191169659454,XAUUSDm,2025-02-17 22:15:00,35.58808111155618,2025-02-18 05:00:00,2906.7222827417736,71.17616222311236,2.0,WIN
SELL,2915.882690821481,2921.8743665894112,2903.8993392856205,5.991675767930246,80,ENGULFING_BEAR,8,BEAR,BULL,YES,1.1365086843852399,2.677910103003753,XAUUSDm,2025-02-18 01:45:00,35.58808111155618,2025-02-18 08:15:00,2903.8993392856205,71.17616222311236,2.0,WIN
SELL,2907.1713251709566,2911.622778097337,2898.2684193181963,4.4514529263801705,80,ENGULFING_BEAR,8,BEAR,BULL,YES,0.8285837735923168,3.0205389297865666,XAUUSDm,2025-02-18 10:30:00,36.12190232822951,2025-02-18 20:30:00,2898.2684193181963,72.24380465645902,2.0,WIN
SELL,2905.1331914274806,2911.6578624265658,2892.0838494293102,6.524670999085174,65,ENGULFING_BEAR,8,BEAR,BULL,YES,0.9179553430257221,3.014110427944139,XAUUSDm,2025-02-18 11:15:00,36.12190232822951,2025-02-18 22:30:00,2892.0838494293102,72.24380465645902,2.0,WIN
SELL,2906.50359579371,2915.0431854622743,2889.4244164565807,8.539589668564531,65,ENGULFING_BEAR,8,BEAR,BEAR,YES,1.1844802975907263,3.134062425067224,XAUUSDm,2025-02-18 06:45:00,35.94396192267173,2025-02-18 23:45:00,2889.4244164565807,71.88792384534347,2.0,WIN
SELL,2895.412881256117,2905.567386377165,2875.1038710140215,10.154505121047805,80,ENGULFING_BEAR,8,BEAR,BEAR,YES,0.9701336892819155,2.950675887965753,XAUUSDm,2025-02-18 22:15:00,36.30251183987066,2025-02-19 07:30:00,2875.1038710140215,72.60502367974132,2.0,WIN
SELL,2889.27825738262,2899.3868548244714,2869.0610624989167,10.108597441851543,65,ENGULFING_BEAR,8,BEAR,BEAR,YES,1.0917456944082442,2.8144726301880363,XAUUSDm,2025-02-19 01:15:00,36.662841161125165,2025-02-19 15:15:00,2869.0610624989167,73.32568232225033,2.0,WIN
SELL,2871.7463749128588,2875.8430213488227,2863.553082040931,4.096646435963976,65,ENGULFING_BEAR,8,BEAR,BULL,YES,1.0653192343729085,2.768015293633696,XAUUSDm,2025-02-19 19:30:00,37.02766792613014,2025-02-19 20:00:00,2875.8430213488227,-37.02766792613014,-1.0,LOSS
SELL,2873.2830668643505,2881.0279895614303,2857.793221470191,7.744922697079801,80,ENGULFING_BEAR,8,BEAR,BULL,YES,1.0247362460511413,3.0685981070677633,XAUUSDm,2025-02-19 09:00:00,36.84435372032452,2025-02-19 22:30:00,2881.0279895614303,-36.84435372032452,-1.0,LOSS
BUY,2879.550784258779,2873.018250916461,2892.615850943415,6.532533342317947,60,HAMMER,4,BEAR,BULL,YES,1.4571447351123963,3.1463576323054614,XAUUSDm,2025-02-20 00:15:00,36.842987872014014,2025-02-20 13:15:00,2892.615850943415,73.68597574402803,2.0,WIN
BUY,2880.703943531343,2873.7993152840468,2894.513200025936,6.904628247296387,85,ENGULFING_BULL,4,BEAR,CROSS_UP,YES,1.3646192826875192,3.1122963952827507,XAUUSDm,2025-02-20 01:00:00,36.842987872014014,2025-02-20 13:30:00,2894.513200025936,73.68597574402803,2.0,WIN
SELL,2885.347338556832,2896.7929395836063,2862.456136503283,11.445601026774511,65,ENGULFING_BEAR,8,BEAR,BEAR,YES,0.8443934591977601,2.760098208785989,XAUUSDm,2025-02-19 02:45:00,36.662841161125165,2025-02-20 14:45:00,2896.7929395836063,-36.662841161125165,-1.0,LOSS
BUY,2897.7325864723957,2886.6861451439054,2919.8254691293764,11.046441328490346,65,HAMMER,4,BULL,BULL,YES,0.888977293592019,3.093279681790028,XAUUSDm,2025-02-20 16:45:00,37.11976064783134,2025-02-21 16:45:00,2919.8254691293764,74.23952129566268,2.0,WIN
BUY,2898.075958771369,2886.089461350031,2922.048953614046,11.9864974213383,65,HAMMER,4,BULL,BULL,YES,1.1208283520090778,3.147037479579402,XAUUSDm,2025-02-20 16:15:00,37.11976064783134,2025-02-21 18:00:00,2922.048953614046,74.23952129566268,2.0,WIN
BUY,2898.642923462568,2886.659971647891,2922.608827091922,11.982951814677108,65,HAMMER,4,BULL,BULL,YES,1.136433574928129,3.1805246685054436,XAUUSDm,2025-02-20 17:00:00,37.11976064783134,2025-02-21 18:00:00,2922.608827091922,74.23952129566268,2.0,WIN
BUY,2923.277876337432,2916.7941161636622,2936.245396684972,6.4837601737699515,90,ENGULFING_BULL,4,BULL,BEAR,YES,1.3362043795620437,2.6177737657570623,XAUUSDm,2025-02-21 21:15:00,37.67655705754882,2025-02-22 08:15:00,2936.245396684972,75.35311411509764,2.0,WIN
BUY,2923.077888944945,2915.569980203926,2938.093706426982,7.507908741018582,65,ENGULFING_BULL,4,BULL,BEAR,YES,1.073513789147155,2.8375446206737687,XAUUSDm,2025-02-21 20:45:00,37.67655705754882,2025-02-22 08:45:00,2938.093706426982,75.35311411509764,2.0,WIN
BUY,2922.497388714842,2914.1102265026184,2939.2717131392897,8.387162212223757,75,HAMMER,4,BULL,BULL,YES,1.3423837051568337,2.992112777683728,XAUUSDm,2025-02-21 19:30:00,37.67655705754882,2025-02-22 09:15:00,2939.2717131392897,75.35311411509764,2.0,WIN
BUY,2943.9282940496387,2933.524050120609,2964.736781907698,10.40424392902969,65,HAMMER,4,BULL,BULL,YES,0.8993851634775613,2.5835818247377182,XAUUSDm,2025-02-22 12:30:00,38.24170541341205,2025-02-23 14:15:00,2964.736781907698,76.4834108268241,2.0,WIN
BUY,2946.486056794459,2936.6781357681566,2966.1018988470632,9.80792102630221,65,ENGULFING_BULL,4,BULL,BEAR,YES,1.1719541101735091,2.895940325246058,XAUUSDm,2025-02-22 13:45:00,38.24170541341205,2025-02-23 15:45:00,2966.1018988470632,76.4834108268241,2.0,WIN
BUY,2946.056911967283,2933.462757699739,2971.2452205023715,12.594154267544127,65,HAMMER,4,BULL,BULL,YES,0.9030919555615045,2.787889894304629,XAUUSDm,2025-02-22 13:00:00,38.24170541341205,2025-02-23 18:30:00,2971.2452205023715,76.4834108268241,2.0,WIN
BUY,2964.5442980202583,2957.628735156008,2978.3754237487587,6.915562864250205,80,ENGULFING_BULL,4,BULL,BEAR,YES,0.6384701343060153,2.6320241642368143,XAUUSDm,2025-02-23 17:30:00,38.62412246754617,2025-02-23 22:15:00,2978.3754237487587,77.24824493509234,2.0,WIN
BUY,2964.9053674822853,2955.0763814975635,2984.563339451729,9.82898598472184,65,ENGULFING_BULL,4,BULL,BULL,YES,0.8198773578900465,2.6743858909014437,XAUUSDm,2025-02-23 15:45:00,38.43291394047911,2025-02-24 02:30:00,2984.563339451729,76.86582788095822,2.0,WIN
BUY,2975.560964792904,2968.591101228775,2989.500691921162,6.9698635641289,80,MARUBOZU,4,BULL,BEAR,YES,0.9065644086892926,2.8698838063976924,XAUUSDm,2025-02-23 23:45:00,39.00845160695096,2025-02-24 05:30:00,2989.500691921162,78.01690321390193,2.0,WIN
BUY,2972.056586290473,2960.5977399210783,2994.974279029263,11.458846369394905,65,HAMMER,4,BULL,BULL,YES,1.0050645733096988,2.8852095039017382,XAUUSDm,2025-02-23 20:45:00,38.815330994613234,2025-02-24 07:00:00,2994.974279029263,77.63066198922647,2.0,WIN
BUY,2986.109164465889,2975.562345723225,3007.202801951217,10.546818742664072,65,HAMMER,4,BULL,BULL,YES,0.8389539868533867,2.535550983116753,XAUUSDm,2025-02-24 04:30:00,39.200616176653355,2025-02-24 20:45:00,3007.202801951217,78.40123235330671,2.0,WIN
BUY,2994.3806679588174,2984.0817743540906,3014.978455168271,10.2988936047268,75,HAMMER,4,BULL,CROSS_DOWN,YES,0.8913561138230741,2.567496161047789,XAUUSDm,2025-02-24 08:30:00,39.589735089661175,2025-02-24 23:15:00,3014.978455168271,79.17947017932235,2.0,WIN
BUY,2993.135421709993,2981.558062289438,3016.2901405511025,11.577359420554785,65,HAMMER,4,BULL,BULL,YES,0.9289527958212062,2.6118856058318496,XAUUSDm,2025-02-24 07:00:00,39.395658434688116,2025-02-25 00:45:00,3016.2901405511025,78.79131686937623,2.0,WIN
BUY,3009.4773641140005,2998.341678148862,3031.748736044278,11.135685965138691,65,HAMMER,4,BULL,BULL,YES,0.9723461562185167,2.5914765536878934,XAUUSDm,2025-02-24 22:15:00,39.78573817054444,2025-02-25 20:30:00,3031.748736044278,79.57147634108888,2.0,WIN
BUY,3013.584246792437,3003.786595805942,3033.1795487654276,9.797650986495228,65,ENGULFING_BULL,4,BULL,BULL,YES,0.8456757940397489,2.74213161169053,XAUUSDm,2025-02-25 00:45:00,39.98368684599275,2025-02-25 21:45:00,3033.1795487654276,79.9673736919855,2.0,WIN
BUY,3019.296199381251,3007.4361372579947,3043.0163236277635,11.860062123256284,65,HAMMER,4,BULL,BULL,YES,0.8639212365022231,3.0204636850614968,XAUUSDm,2025-02-25 02:30:00,40.18066513816619,2025-02-26 04:30:00,3043.0163236277635,80.36133027633238,2.0,WIN
BUY,3036.926139085921,3027.1574079194365,3056.46360141889,9.768731166484486,75,HAMMER,4,BULL,CROSS_UP,YES,1.286613683617356,3.1596629032244543,XAUUSDm,2025-02-26 01:15:00,40.57951226324887,2025-02-26 23:15:00,3056.46360141889,81.15902452649775,2.0,WIN
BUY,3037.041788891888,3027.1673329360733,3056.7907008035168,9.874455955814483,65,HAMMER,4,BULL,BULL,YES,1.1076035433988654,3.1265795144364086,XAUUSDm,2025-02-26 01:30:00,40.57951226324887,2025-02-26 23:15:00,3056.7907008035168,81.15902452649775,2.0,WIN
BUY,3044.6139019076672,3036.6539554212454,3060.533794880511,7.9599464864218135,80,ENGULFING_BULL,4,BULL,BEAR,YES,1.0261576135351735,2.838564727018192,XAUUSDm,2025-02-26 06:45:00,40.780415588939704,2025-02-27 00:30:00,3060.533794880511,81.56083117787941,2.0,WIN
BUY,3060.1114446828155,3049.847797442711,3080.6387391630246,10.263647240104547,75,HAMMER,4,BULL,CROSS_DOWN,YES,0.922500935979034,3.141600829803619,XAUUSDm,2025-02-27 02:45:00,41.39011278951688,2025-02-27 14:00:00,3080.6387391630246,82.78022557903375,2.0,WIN
BUY,3062.4874035290263,3053.011206827479,3081.439796932121,9.476196701547451,75,HAMMER,4,BULL,CROSS_UP,YES,0.8507156191661481,3.2949979282994026,XAUUSDm,2025-02-27 03:15:00,41.39011278951688,2025-02-27 14:00:00,3081.439796932121,82.78022557903375,2.0,WIN
BUY,3060.8237151000494,3049.9138490595374,3082.6434471810735,10.909866040512043,80,ENGULFING_BULL,4,BULL,BULL,YES,0.7950222332015809,2.8632401667060505,XAUUSDm,2025-02-27 02:00:00,41.39011278951688,2025-02-27 14:30:00,3082.6434471810735,82.78022557903375,2.0,WIN
BUY,3084.15259444387,3076.1779850224316,3100.1018132867466,7.974609421438345,75,HAMMER,4,BULL,CROSS_DOWN,YES,0.7448096885813149,2.899983919108828,XAUUSDm,2025-02-27 16:45:00,42.010964481359636,2025-03-01 15:30:00,3100.1018132867466,84.02192896271927,2.0,WIN
BUY,3084.0433782220707,3074.1541087752553,3103.8219171157016,9.889269446815433,75,HAMMER,4,BULL,CROSS_UP,YES,0.6972876304023845,3.250210470110081,XAUUSDm,2025-02-27 16:00:00,42.010964481359636,2025-03-01 18:30:00,3103.8219171157016,84.02192896271927,2.0,WIN
BUY,3084.265831464873,3074.7467724523053,3103.303949490008,9.519059012567595,65,HAMMER,4,BULL,BULL,YES,0.6588503037815212,3.0694941845679837,XAUUSDm,2025-02-27 16:15:00,42.010964481359636,2025-03-01 18:30:00,3103.303949490008,84.02192896271927,2.0,WIN
BUY,3097.815753042626,3093.2975871961207,3106.8520847356367,4.518165846505326,65,HAMMER,4,BULL,BEAR,YES,1.0645685279187818,3.1207455814583227,XAUUSDm,2025-03-01 17:45:00,42.22101930376643,2025-03-02 07:30:00,3106.8520847356367,84.44203860753287,2.0,WIN
BUY,3103.855848652153,3098.539507891425,3114.488530173609,5.316340760728053,65,HAMMER,4,BULL,BEAR,YES,0.7479775280898877,2.789216254504308,XAUUSDm,2025-03-02 09:00:00,42.85223404509887,2025-03-02 13:45:00,3098.539507891425,-42.85223404509887,-1.0,LOSS
BUY,3103.9290687622847,3096.213876638437,3119.3594530099804,7.715192123847828,65,HAMMER,4,BULL,BULL,YES,0.9189922901509392,3.0508134089480206,XAUUSDm,2025-03-02 17:45:00,42.74510345998612,2025-03-02 21:15:00,3096.213876638437,-42.74510345998612,-1.0,LOSS
BUY,3104.411353220428,3094.577288082857,3124.079483495569,9.834065137570633,65,HAMMER,4,BULL,BULL,YES,1.2262052746514363,2.792493924532361,XAUUSDm,2025-03-01 20:00:00,42.64112894858004,2025-03-02 22:30:00,3094.577288082857,-42.64112894858004,-1.0,LOSS
BUY,3102.754853764796,3094.547596236106,3119.1693688221753,8.207257528689752,65,HAMMER,4,BULL,BEAR,YES,0.8907882241215574,2.8914667470355546,XAUUSDm,2025-03-01 21:30:00,42.64112894858004,2025-03-02 22:30:00,3094.547596236106,-42.64112894858004,-1.0,LOSS
SELL,3096.3758951820705,3100.6301511945157,3087.86738315718,4.254256012445239,90,ENGULFING_BEAR,8,BEAR,BULL,YES,1.4211558426577462,2.311621773035616,XAUUSDm,2025-03-03 03:00:00,42.42503505659325,2025-03-03 03:45:00,3100.6301511945157,-42.42503505659325,-1.0,LOSS
SELL,3096.689320885167,3101.344673139948,3087.378616375605,4.655352254781064,65,ENGULFING_BEAR,8,BEAR,BULL,YES,0.7901331245105716,2.4655750265526315,XAUUSDm,2025-03-03 01:30:00,42.42503505659325,2025-03-03 07:00:00,3101.344673139948,-42.42503505659325,-1.0,LOSS
SELL,3097.684049055332,3101.8723856844954,3089.3073757970046,4.188336629163587,80,ENGULFING_BEAR,8,BEAR,BULL,YES,1.122746481603536,2.3918799564902917,XAUUSDm,2025-03-03 06:15:00,42.31897246895177,2025-03-03 09:15:00,3101.8723856844954,-42.31897246895177,-1.0,LOSS
